timestamp,smoothed_ear,smoothed_mar,blink_count,drowsy,yawn,head_tilt_deg,liveness_ok
2025-08-12T13:55:43.816947,0.291,0.003,0,0,0,7.58,0
2025-08-12T13:55:44.821158,0.336,0.053,0,0,0,9.27,0
2025-08-12T13:55:45.833172,0.337,0.006,0,0,0,7.13,0
2025-08-12T13:55:46.870576,0.306,0.006,0,0,0,10.02,0
2025-08-12T13:55:47.873908,0.295,0.005,1,0,0,9.91,1
2025-08-12T13:55:48.881557,0.392,0.027,1,0,0,4.97,1
2025-08-12T13:55:49.894103,0.302,0.003,1,0,0,8.01,1
2025-08-12T13:55:50.900552,0.283,0.004,1,0,0,5.01,1
2025-08-12T13:55:51.905783,0.302,0.003,1,0,0,7.91,0
2025-08-12T13:55:52.913101,0.338,0.005,1,0,0,8.21,0
2025-08-12T13:55:53.957685,0.341,0.005,1,0,0,9.14,1
2025-08-12T13:55:54.972755,0.343,0.005,1,0,0,18.23,1
2025-08-12T13:55:55.974252,0.215,0.001,3,0,0,24.55,1
2025-08-12T13:55:56.981681,0.292,0.002,3,0,0,24.13,1
2025-08-12T13:55:57.986890,0.034,0.001,4,0,0,24.29,1
2025-08-12T13:55:59.002712,0.031,0.002,4,1,0,23.77,1
2025-08-12T13:56:00.027969,0.241,0.002,4,0,0,22.20,1
2025-08-12T13:56:01.041154,0.224,0.003,4,0,0,21.91,1
2025-08-12T13:56:02.050789,0.264,0.002,4,0,0,22.20,0
2025-08-12T13:56:04.972078,0.315,0.002,4,0,0,4.27,1
2025-08-12T13:56:05.987810,0.163,0.029,4,0,0,10.83,1
2025-08-12T13:56:08.481036,0.323,0.009,4,0,0,5.82,1
2025-08-12T13:56:10.544874,0.318,0.008,4,0,0,2.45,1
2025-08-12T13:56:12.622814,0.315,0.007,4,0,0,10.42,1
2025-08-12T13:56:14.676233,0.298,0.008,4,0,0,2.04,1
2025-08-12T13:56:16.753736,0.301,0.007,4,0,0,5.05,1
2025-08-12T13:56:18.812520,0.302,0.012,4,0,0,6.33,1
2025-08-12T13:56:19.828427,0.317,0.022,4,0,0,6.84,1
2025-08-12T13:56:20.839074,0.305,0.052,4,0,0,6.05,0
2025-08-12T13:56:21.841106,0.202,0.017,5,0,0,0.74,1
2025-08-12T13:56:22.850612,0.270,0.006,5,0,0,0.40,1
2025-08-12T13:56:23.910045,0.088,0.003,5,0,0,1.27,1
2025-08-12T13:56:24.917993,0.067,0.003,5,1,0,2.08,1
2025-08-12T13:56:25.922207,0.056,0.003,5,0,0,2.37,0
2025-08-12T13:56:26.940870,0.077,0.004,5,0,0,1.48,0
2025-08-12T13:56:27.968774,0.197,0.003,5,0,0,1.05,0
2025-08-12T13:56:28.990752,0.264,0.005,5,0,0,1.03,1
2025-08-12T13:56:30.052204,0.125,0.004,5,0,0,3.30,1
2025-08-12T13:56:31.053145,0.041,0.004,5,0,0,3.23,0
2025-08-12T13:56:32.067464,0.028,0.004,5,0,0,3.60,0
2025-08-12T13:56:33.091545,0.030,0.004,5,0,0,3.83,0
2025-08-12T13:56:34.099592,0.083,0.003,5,0,0,2.00,0
2025-08-12T13:56:35.130658,0.269,0.002,5,0,0,1.96,0
2025-08-12T13:56:36.130962,0.257,0.010,5,0,0,9.35,1
2025-08-12T13:56:37.145210,0.282,0.689,5,0,0,3.95,1
2025-08-12T13:56:38.229207,0.237,0.614,5,0,0,2.35,1
2025-08-12T13:56:39.274711,0.234,0.636,5,0,0,2.69,0
2025-08-12T13:56:40.292002,0.229,0.707,5,0,0,2.32,1
2025-08-12T13:56:41.303177,0.291,0.008,5,0,0,6.83,0
2025-08-12T13:56:42.317618,0.216,0.006,5,0,0,1.47,1
2025-08-12T13:56:45.278024,0.329,0.003,5,0,0,14.85,1
2025-08-12T13:56:47.306643,0.324,0.003,5,0,0,2.16,1
2025-08-12T13:56:49.371015,0.276,0.003,6,0,0,2.20,1
2025-08-12T13:56:51.401824,0.284,0.004,6,0,0,17.81,1
2025-08-12T13:56:53.449445,0.284,0.005,6,0,0,7.01,1
2025-08-12T13:56:55.514611,0.284,0.009,6,0,0,3.67,1
2025-08-12T13:56:56.528683,0.330,0.055,6,0,0,6.45,0
2025-08-12T13:56:57.540819,0.123,0.030,6,0,0,9.22,1
2025-08-12T13:56:58.546359,0.111,0.004,6,0,0,6.45,0
2025-08-12T13:56:59.581385,0.134,0.003,6,1,0,3.83,1
2025-08-12T13:57:00.590746,0.117,0.003,6,0,0,3.44,1
2025-08-12T13:57:01.594943,0.089,0.002,6,0,0,0.24,1
2025-08-12T13:57:02.595982,0.075,0.003,6,0,0,1.98,0
2025-08-12T13:57:03.597271,0.059,0.006,6,0,0,2.89,0
2025-08-12T13:57:04.603085,0.067,0.004,6,0,0,1.87,0
2025-08-12T13:57:05.604408,0.202,0.005,6,0,0,11.48,1
2025-08-12T13:57:08.541091,0.279,0.018,6,0,0,20.16,1
2025-08-12T13:57:09.556485,0.266,0.953,6,0,0,1.74,1
2025-08-12T13:57:10.563269,0.226,0.631,6,0,0,0.33,1
2025-08-12T13:57:11.578906,0.226,1.053,6,0,0,2.08,1
2025-08-12T13:57:12.580377,0.200,0.153,6,0,0,4.91,0
2025-08-12T13:57:13.635604,0.244,0.792,6,0,0,7.55,1
2025-08-12T13:57:14.642657,0.268,0.272,6,0,0,7.50,0
2025-08-12T13:57:15.655031,0.279,0.103,6,0,0,6.85,0
2025-08-12T13:57:16.662689,0.219,0.013,6,0,0,6.37,1
2025-08-12T13:57:17.698148,0.314,0.007,6,0,0,6.30,0
2025-08-12T13:57:18.708989,0.291,0.022,7,0,0,5.06,1
2025-08-12T13:57:19.730188,0.280,0.017,7,0,0,6.67,1
2025-08-12T13:57:20.753298,0.280,0.031,7,0,0,7.58,1
2025-08-12T13:57:21.780016,0.316,0.014,7,0,0,0.22,1
2025-08-12T13:57:22.781671,0.352,0.014,7,0,0,5.68,0
2025-08-12T13:57:23.854685,0.327,0.011,7,0,0,4.71,1
2025-08-12T13:57:24.868731,0.166,0.034,7,0,0,13.90,1
2025-08-12T13:57:45.312380,0.364,0.002,0,0,0,7.21,0
2025-08-12T13:57:46.317728,0.296,0.003,0,0,0,3.85,0
2025-08-12T13:57:47.321683,0.313,0.003,0,0,0,4.09,0
2025-08-12T13:57:48.336634,0.225,0.006,1,0,0,10.68,1
2025-08-12T13:57:49.346912,0.268,0.011,2,0,0,9.86,1
2025-08-12T13:57:50.382019,0.298,0.008,2,0,0,7.01,1
2025-08-12T13:57:51.385527,0.305,0.007,2,0,0,3.71,1
2025-08-12T13:57:54.405771,0.333,0.047,2,0,0,17.64,1
2025-08-12T13:57:56.485031,0.324,0.035,2,0,0,5.26,1
2025-08-12T13:57:58.545845,0.325,0.026,2,0,0,5.99,1
2025-08-12T13:57:59.550672,0.356,0.008,2,0,0,5.32,1
2025-08-12T13:58:00.621601,0.053,0.004,3,0,0,7.72,1
2025-08-12T13:58:01.616891,0.063,0.001,3,1,0,7.88,1
2025-08-12T13:58:02.621676,0.072,0.003,3,1,0,8.64,1
2025-08-12T13:58:03.636313,0.044,0.002,3,1,0,10.19,1
2025-08-12T13:58:04.647469,0.058,0.002,3,0,0,10.26,0
2025-08-12T13:58:05.709117,0.245,0.004,3,0,0,9.94,1
2025-08-12T13:58:06.718204,0.300,0.005,3,0,0,7.30,0
2025-08-12T13:58:07.721350,0.079,0.008,3,0,0,7.76,0
2025-08-12T13:58:08.729463,0.120,0.003,3,0,0,9.11,0
2025-08-12T13:58:09.733876,0.126,0.003,3,0,0,9.18,0
2025-08-12T13:58:10.778197,0.097,0.004,3,0,0,8.56,0
2025-08-12T13:58:11.782366,0.096,0.002,3,0,0,7.18,0
2025-08-12T13:58:12.795004,0.075,0.004,3,0,0,11.32,0
2025-08-12T13:58:13.815344,0.237,0.731,3,0,0,10.95,0
2025-08-12T13:58:14.844250,0.245,1.039,3,0,0,11.79,0
2025-08-12T13:58:15.855877,0.212,0.806,3,0,0,10.74,0
2025-08-12T13:58:16.857258,0.243,1.115,3,0,0,28.67,1
2025-08-12T13:58:17.870498,0.162,0.222,3,0,0,7.21,1
2025-08-12T13:58:18.915976,0.222,1.041,3,0,0,4.12,1
2025-08-12T13:58:19.931243,0.178,0.793,3,0,0,0.62,1
2025-08-12T13:58:20.947525,0.322,0.003,3,0,0,4.39,1
2025-08-12T13:58:21.994218,0.297,0.036,4,0,0,1.32,1
2025-08-12T13:58:22.996035,0.158,0.034,4,0,0,16.40,1
2025-08-12T13:58:24.010992,0.339,0.012,4,0,0,5.36,1
2025-08-12T13:58:25.028434,0.308,0.034,4,0,0,7.64,1
2025-08-12T13:58:26.038196,0.258,0.009,4,0,0,11.00,1
2025-08-12T13:58:27.086041,0.262,0.011,4,0,0,8.90,1
2025-08-12T13:58:28.104032,0.206,0.012,5,0,0,5.01,1
2025-08-12T13:58:29.144157,0.327,0.032,5,0,0,3.60,1
2025-08-12T13:58:30.158110,0.212,0.085,6,0,0,2.98,1
2025-08-12T13:58:31.164655,0.251,0.054,6,0,0,3.25,1
2025-08-12T13:58:32.187238,0.294,0.049,6,0,0,0.18,1
2025-08-12T13:58:33.183038,0.324,0.037,7,0,0,3.07,1
2025-08-12T13:58:34.186660,0.317,0.027,8,0,0,2.57,1
2025-08-12T13:58:35.244258,0.102,0.006,8,0,0,1.25,1
2025-08-12T13:58:36.299821,0.302,0.010,8,0,0,0.86,1
2025-08-12T13:58:37.320343,0.339,0.003,9,0,0,2.46,1
2025-08-12T13:58:38.332617,0.326,0.010,10,0,0,1.30,1
2025-08-12T13:58:39.381102,0.363,0.034,10,0,0,3.18,1
2025-08-12T13:58:40.396944,0.363,0.044,10,0,0,2.47,1
2025-08-12T13:58:41.412057,0.336,0.009,10,0,0,0.07,1
2025-08-12T13:58:42.417049,0.369,0.015,10,0,0,0.57,0
2025-08-12T13:58:43.456249,0.330,0.018,10,0,0,0.09,1
2025-08-12T13:58:44.458841,0.297,0.029,10,0,0,0.53,1
2025-08-12T13:58:45.469107,0.360,0.041,10,0,0,2.63,1
2025-08-12T13:58:46.515843,0.353,0.013,10,0,0,2.54,1
2025-08-12T13:58:47.518393,0.351,0.009,10,0,0,2.68,0
2025-08-12T13:58:48.540802,0.359,0.019,10,0,0,2.91,0
2025-08-12T13:58:49.548983,0.357,0.039,10,0,0,2.70,0
2025-08-12T13:58:50.560995,0.270,0.016,11,0,0,2.54,1
2025-08-12T13:58:51.582029,0.343,0.031,11,0,0,2.45,1
2025-08-12T13:58:52.584944,0.348,0.049,11,0,0,2.62,1
2025-08-12T13:58:53.594324,0.342,0.031,11,0,0,2.73,1
2025-08-12T13:58:54.626882,0.344,0.035,11,0,0,2.94,0
2025-08-12T13:58:55.632606,0.233,0.021,11,0,0,3.94,1
2025-08-12T13:58:56.641235,0.306,0.020,11,0,0,0.94,1
2025-08-12T13:58:57.666486,0.116,0.028,12,0,0,1.82,1
2025-08-12T13:58:58.682394,0.107,0.003,12,0,0,3.27,1
2025-08-12T13:58:59.690642,0.151,0.008,12,1,0,2.88,1
2025-08-12T13:59:00.700169,0.076,0.005,12,1,0,1.15,1
2025-08-12T13:59:01.706700,0.101,0.005,12,0,0,0.85,0
2025-08-12T13:59:02.712036,0.148,0.004,12,0,0,2.26,0
2025-08-12T13:59:03.733612,0.198,0.005,12,0,0,1.21,0
2025-08-12T13:59:04.780509,0.331,0.008,12,0,0,2.09,1
2025-08-12T13:59:05.798557,0.248,0.013,12,0,0,6.33,1
2025-08-12T13:59:06.846141,0.305,0.006,12,0,0,3.49,1
2025-08-12T15:01:11.253668,0.291,0.046,0,0,0,8.90,0
2025-08-12T15:01:12.253883,0.301,0.019,0,0,0,5.85,0
2025-08-12T15:01:13.276587,0.305,0.007,0,0,0,3.85,0
2025-08-12T15:01:14.277052,0.148,0.007,2,0,0,1.32,1
2025-08-12T15:01:15.315910,0.261,0.003,4,0,0,0.52,1
2025-08-12T15:01:16.322569,0.269,0.008,5,0,0,0.69,1
2025-08-12T15:01:17.331327,0.269,0.002,6,0,0,7.27,1
2025-08-12T15:01:18.338286,0.329,0.015,7,0,0,7.77,1
2025-08-12T15:01:19.374183,0.321,0.012,7,0,0,5.55,1
2025-08-12T15:01:20.402699,0.283,0.007,7,0,0,4.71,1
2025-08-12T15:01:21.406464,0.299,0.008,7,0,0,1.34,1
2025-08-12T15:01:22.415785,0.088,0.003,7,0,0,6.02,1
2025-08-12T15:01:23.425229,0.057,0.003,7,0,0,4.08,1
2025-08-12T15:01:24.462888,0.064,0.002,7,0,0,6.42,0
2025-08-12T15:01:25.476431,0.053,0.004,7,1,0,6.87,1
2025-08-12T15:01:26.515261,0.077,0.005,7,0,0,8.07,0
2025-08-12T15:01:27.539594,0.077,0.006,7,0,0,9.23,0
2025-08-12T15:01:28.541442,0.254,0.005,7,0,0,7.94,0
2025-08-12T15:01:29.559019,0.249,0.006,7,0,0,7.66,0
2025-08-12T15:01:30.584282,0.311,0.016,7,0,0,4.13,1
2025-08-12T15:01:32.741953,0.296,0.006,7,0,0,6.21,1
2025-08-12T15:01:34.784322,0.300,0.008,7,0,0,2.10,1
2025-08-12T15:01:36.827391,0.299,0.008,7,0,0,1.11,1
2025-08-12T15:01:38.863707,0.297,0.009,7,0,0,5.45,1
2025-08-12T15:01:40.919578,0.294,0.011,7,0,0,10.80,1
2025-08-12T15:01:41.925161,0.289,0.011,7,0,0,9.90,1
2025-08-12T15:01:42.923503,0.268,0.025,7,0,0,0.25,0
2025-08-12T15:01:43.952820,0.226,0.004,7,0,0,1.80,0
2025-08-12T15:01:44.956916,0.098,0.003,7,0,0,1.53,0
2025-08-12T15:01:45.973465,0.099,0.003,7,0,0,2.78,0
2025-08-12T15:01:47.015133,0.108,0.002,7,0,0,2.10,0
2025-08-12T15:01:48.051876,0.090,0.003,7,0,0,1.25,0
2025-08-12T15:01:49.060547,0.106,0.002,7,0,0,2.11,0
2025-08-12T15:01:50.095436,0.304,0.004,7,0,0,0.75,0
2025-08-12T15:01:51.097426,0.277,0.004,8,0,0,1.63,1
2025-08-12T15:01:52.125349,0.259,0.018,8,0,0,0.48,1
2025-08-12T15:01:53.141804,0.304,0.003,9,0,0,3.07,1
2025-08-12T15:01:54.170741,0.268,0.003,10,0,0,4.80,1
2025-08-12T15:01:55.185328,0.263,0.005,10,0,0,0.83,1
2025-08-12T15:01:56.228192,0.155,0.003,11,0,0,0.23,1
2025-08-12T15:01:57.230473,0.294,0.004,11,0,0,0.67,1
2025-08-12T15:01:58.248927,0.299,0.017,11,0,0,10.70,1
2025-08-12T15:01:59.270282,0.305,0.024,11,0,0,11.06,0
2025-08-12T15:02:00.275978,0.242,0.023,11,0,0,9.49,1
2025-08-12T15:02:01.277901,0.291,0.004,11,0,0,20.51,1
2025-08-12T15:02:02.290624,0.383,0.025,11,0,0,21.50,1
2025-08-12T15:02:03.293205,0.303,0.023,12,0,0,17.37,1
2025-08-12T15:02:04.303563,0.301,0.015,12,0,0,0.96,1
2025-08-12T15:02:05.332966,0.307,0.018,12,0,0,1.55,1
2025-08-12T15:02:06.336424,0.232,0.023,12,0,0,4.62,1
2025-08-12T15:02:07.341238,0.175,0.036,12,0,0,0.41,1
2025-08-12T15:02:08.353859,0.234,0.006,12,0,0,18.39,1
2025-08-12T15:02:13.652944,0.231,0.019,12,0,0,22.07,1
2025-08-12T15:02:14.673964,0.299,0.005,12,0,0,16.39,1
2025-08-12T15:02:15.681581,0.293,0.131,12,0,0,4.39,1
2025-08-12T15:02:16.691006,0.328,0.198,12,0,0,6.15,1
2025-08-12T15:02:17.703135,0.310,0.005,12,0,0,6.66,1
2025-08-12T15:02:18.704442,0.271,0.009,12,0,0,3.93,1
2025-08-12T15:02:19.724189,0.278,0.006,12,0,0,4.32,0
