timestamp,ear,mar,blink_count,drowsy,yawn,liveness_ok
2025-08-12T13:17:50.641349,0.253,0.097,0,0,0,0
2025-08-12T13:17:51.651667,0.314,0.005,0,0,0,0
2025-08-12T13:17:53.740962,0.309,0.006,0,0,0,1
2025-08-12T13:17:54.746097,0.329,0.015,0,0,0,0
2025-08-12T13:17:56.887452,0.321,0.018,0,0,0,1
2025-08-12T13:17:57.896813,0.277,0.042,0,0,0,0
2025-08-12T13:17:58.906670,0.365,0.031,0,0,0,0
2025-08-12T13:18:01.209585,0.354,0.031,0,0,0,1
2025-08-12T13:18:02.216977,0.258,0.005,0,0,0,1
2025-08-12T13:18:04.628742,0.268,0.011,0,0,0,1
2025-08-12T13:18:07.400912,0.278,0.029,0,0,0,1
2025-08-12T13:18:08.410744,0.282,0.018,0,0,0,1
2025-08-12T13:18:09.410927,0.299,0.056,0,0,0,1
2025-08-12T13:18:10.417537,0.306,0.004,0,0,0,1
2025-08-12T13:18:11.433843,0.329,0.003,0,0,0,1
2025-08-12T13:18:12.472354,0.352,0.008,0,0,0,0
2025-08-12T13:18:13.480362,0.331,0.005,0,0,0,0
2025-08-12T13:18:14.505783,0.327,0.005,0,0,0,1
2025-08-12T13:18:15.510264,0.308,0.003,0,0,0,1
2025-08-12T13:18:16.518177,0.294,0.003,0,0,0,0
2025-08-12T13:18:17.531473,0.345,0.004,0,0,0,1
2025-08-12T13:18:18.538001,0.216,0.003,1,0,0,1
2025-08-12T13:18:19.549134,0.324,0.003,1,0,0,1
2025-08-12T13:18:20.563561,0.337,0.003,2,0,0,1
2025-08-12T13:18:21.611052,0.346,0.004,2,0,0,1
2025-08-12T13:18:22.615132,0.305,0.005,3,0,0,1
2025-08-12T13:18:23.624184,0.338,0.004,3,0,0,1
2025-08-12T13:18:24.633819,0.192,0.005,5,0,0,1
2025-08-12T13:18:25.666986,0.320,0.003,6,0,0,1
2025-08-12T13:18:26.678730,0.325,0.001,8,0,0,1
2025-08-12T13:18:27.698378,0.207,0.003,10,0,0,1
2025-08-12T13:18:28.710420,0.231,0.003,11,1,0,1
2025-08-12T13:18:29.713749,0.328,0.006,11,0,0,1
2025-08-12T13:18:30.730318,0.163,0.009,12,0,0,1
2025-08-12T13:18:31.737199,0.303,0.007,12,0,0,1
2025-08-12T13:18:32.747970,0.343,0.017,12,0,0,1
2025-08-12T13:18:33.773050,0.304,0.007,12,0,0,1
2025-08-12T13:18:34.813188,0.280,0.003,12,0,0,1
2025-08-12T13:18:35.818166,0.275,0.002,13,0,0,1
2025-08-12T13:18:36.824037,0.255,0.023,13,0,0,1
2025-08-12T13:18:37.835178,0.270,0.010,13,0,0,1
2025-08-12T13:18:38.869513,0.281,0.006,13,1,0,1
2025-08-12T13:18:39.894504,0.291,0.002,14,0,0,1
2025-08-12T13:18:40.903954,0.241,0.003,15,1,0,1
2025-08-12T13:18:41.914677,0.260,0.004,15,0,0,1
2025-08-12T13:18:42.919027,0.310,0.002,16,0,0,1
2025-08-12T13:18:43.929721,0.299,0.003,16,0,0,1
2025-08-12T13:18:44.930179,0.344,0.002,16,0,0,1
2025-08-12T13:18:45.960513,0.337,0.002,17,0,0,1
2025-08-12T13:18:46.967864,0.340,0.004,17,0,0,1
2025-08-12T13:18:48.003264,0.357,0.004,17,0,0,1
2025-08-12T13:18:49.018302,0.166,0.002,19,0,0,1
2025-08-12T13:18:50.050166,0.287,0.021,19,0,0,1
2025-08-12T13:18:51.064648,0.302,0.010,20,0,0,1
2025-08-12T13:18:52.073003,0.223,0.014,21,0,0,1
2025-08-12T13:18:53.099031,0.282,0.011,21,0,0,1
2025-08-12T13:18:54.103272,0.288,0.004,21,0,0,1
2025-08-12T13:18:55.113442,0.299,0.010,21,0,0,1
2025-08-12T13:18:56.121743,0.296,0.007,21,0,0,1
2025-08-12T13:18:57.131092,0.306,0.005,21,0,0,0
2025-08-12T13:18:58.170361,0.318,0.006,21,0,0,1
2025-08-12T13:18:59.191119,0.305,0.002,21,0,0,0
2025-08-12T13:19:00.194360,0.297,0.003,21,0,0,1
2025-08-12T13:19:01.213634,0.314,0.026,21,0,0,1
2025-08-12T13:19:02.214360,0.305,0.028,21,0,0,0
2025-08-12T13:19:03.224546,0.314,0.022,21,0,0,0
2025-08-12T13:19:04.234514,0.311,0.019,21,0,0,1
2025-08-12T13:19:05.257166,0.302,0.018,21,0,0,0
2025-08-12T13:19:06.260515,0.305,0.092,21,0,0,0
2025-08-12T13:19:07.266084,0.308,0.120,21,0,0,0
2025-08-12T13:32:11.256923,0.170,0.005,0,1,0,0
2025-08-12T13:32:12.260500,0.126,0.004,0,1,0,1
2025-08-12T13:32:15.200782,0.314,0.013,0,0,0,1
2025-08-12T13:32:17.256413,0.314,0.014,0,0,0,1
2025-08-12T13:32:19.339229,0.321,0.014,0,0,0,1
2025-08-12T13:32:21.402739,0.322,0.016,0,0,0,1
2025-08-12T13:32:23.450436,0.323,0.016,0,0,0,1
2025-08-12T13:32:24.451102,0.318,0.005,0,0,0,1
2025-08-12T13:32:25.459342,0.310,0.006,0,0,0,1
2025-08-12T13:32:26.467560,0.317,0.005,0,0,0,1
2025-08-12T13:32:27.496267,0.322,0.005,0,0,0,1
2025-08-12T13:32:28.505322,0.300,0.002,0,0,0,0
2025-08-12T13:32:29.542690,0.334,0.010,0,0,0,1
2025-08-12T13:32:30.545403,0.322,0.015,0,0,0,0
2025-08-12T13:32:31.560566,0.325,0.014,0,0,0,1
2025-08-12T13:32:32.567281,0.309,0.003,1,0,0,1
2025-08-12T13:32:33.607462,0.196,0.003,3,1,0,1
2025-08-12T13:32:34.632366,0.317,0.003,3,0,0,1
2025-08-12T13:32:35.639715,0.318,0.003,3,0,0,1
2025-08-12T13:32:36.648654,0.314,0.003,3,0,0,1
2025-08-12T13:32:37.655267,0.319,0.022,4,0,0,1
2025-08-12T13:32:38.664527,0.305,0.003,4,0,0,1
2025-08-12T13:32:39.697538,0.315,0.003,4,0,0,1
2025-08-12T13:32:40.709861,0.288,0.002,5,0,0,1
2025-08-12T13:32:41.735995,0.307,0.003,6,0,0,1
2025-08-12T13:32:42.742418,0.300,0.004,6,0,0,1
2025-08-12T13:32:43.753493,0.294,0.013,7,0,0,1
2025-08-12T13:32:44.791088,0.314,0.023,7,0,0,1
2025-08-12T13:32:45.793271,0.348,0.012,7,0,0,1
2025-08-12T13:32:46.836734,0.244,0.008,9,1,0,1
2025-08-12T13:32:47.837238,0.330,0.010,10,0,0,1
2025-08-12T13:32:48.839055,0.202,0.008,11,0,0,1
2025-08-12T13:32:49.843352,0.298,0.008,11,0,0,1
2025-08-12T13:32:50.859322,0.217,0.008,12,0,0,1
2025-08-12T13:32:51.860569,0.230,0.021,12,0,0,1
2025-08-12T13:32:52.897243,0.282,0.009,12,0,0,1
2025-08-12T13:32:53.897614,0.313,0.008,13,0,0,1
2025-08-12T13:32:54.904052,0.317,0.010,14,0,0,1
2025-08-12T13:32:55.910706,0.296,0.011,14,0,0,1
2025-08-12T13:32:56.914331,0.269,0.010,15,0,0,1
2025-08-12T13:32:57.930820,0.238,0.003,15,0,0,1
2025-08-12T13:32:58.964824,0.327,0.019,15,0,0,1
2025-08-12T13:33:00.636773,0.330,0.015,15,0,0,1
2025-08-12T13:33:01.664341,0.201,0.006,16,1,0,1
2025-08-12T13:33:02.680423,0.296,0.011,16,0,0,1
2025-08-12T13:33:04.153967,0.310,0.012,16,0,0,1
2025-08-12T13:33:05.159143,0.304,0.003,16,0,0,1
2025-08-12T13:33:06.167629,0.100,0.004,16,1,0,0
2025-08-12T13:33:07.174778,0.077,0.003,16,1,0,1
2025-08-12T13:33:08.185430,0.261,0.010,16,0,0,0
2025-08-12T13:33:09.205617,0.278,0.002,16,0,0,0
2025-08-12T13:33:10.216322,0.097,0.002,16,1,0,0
2025-08-12T13:33:11.219566,0.121,0.002,16,1,0,0
2025-08-12T13:33:12.226161,0.121,0.004,16,1,0,0
2025-08-12T13:33:13.232997,0.276,0.002,16,0,0,1
2025-08-12T13:33:14.264596,0.307,0.009,16,0,0,1
2025-08-12T13:33:15.266083,0.267,0.022,16,0,0,1
2025-08-12T13:33:16.278157,0.336,0.006,16,0,0,0
2025-08-12T13:33:17.285782,0.316,0.018,18,1,0,1
2025-08-12T13:33:18.299437,0.330,0.002,18,0,0,1
2025-08-12T13:33:19.307032,0.282,0.162,18,0,0,1
2025-08-12T13:33:20.326290,0.261,0.719,18,0,1,1
2025-08-12T13:33:21.337883,0.239,0.836,18,0,1,1
2025-08-12T13:33:22.377089,0.267,0.946,18,0,1,1
2025-08-12T13:33:23.378526,0.170,0.721,18,0,1,1
2025-08-12T13:33:24.388601,0.222,0.701,18,0,1,0
2025-08-12T13:33:25.404740,0.219,0.013,18,0,0,1
2025-08-12T13:33:26.419610,0.245,0.008,18,0,0,1
2025-08-12T13:33:27.432443,0.172,0.867,18,0,1,1
2025-08-12T13:33:28.440848,0.250,0.683,18,0,1,1
2025-08-12T13:33:29.451294,0.238,0.001,19,1,0,1
2025-08-12T13:33:30.454631,0.341,0.002,19,0,0,1
2025-08-12T13:33:31.466523,0.331,0.012,20,0,0,1
2025-08-12T13:33:32.488841,0.316,0.004,21,0,0,1
2025-08-12T13:33:33.496313,0.307,0.007,21,0,0,1
2025-08-12T13:33:34.497264,0.304,0.002,21,0,0,1
2025-08-12T13:33:35.509127,0.289,0.095,21,0,0,1
2025-08-12T13:33:36.515771,0.296,0.005,21,0,0,1
2025-08-12T13:33:37.529030,0.255,0.186,21,1,0,1
2025-08-12T13:33:38.547970,0.310,0.004,21,0,0,0
2025-08-12T13:33:39.566465,0.320,0.005,21,0,0,0
2025-08-12T13:33:40.567148,0.256,0.004,22,0,0,1
2025-08-12T13:33:41.578408,0.059,0.006,22,1,0,1
2025-08-12T13:33:42.584026,0.064,0.003,22,1,0,1
2025-08-12T13:33:43.585906,0.058,0.003,22,1,0,1
2025-08-12T13:33:44.593381,0.071,0.004,22,1,0,0
2025-08-12T13:33:45.650710,0.081,0.012,22,1,0,1
2025-08-12T13:33:46.663963,0.298,0.004,22,0,0,0
2025-08-12T13:33:47.666044,0.232,0.005,22,0,0,0
2025-08-12T13:33:48.675901,0.084,0.002,23,1,0,1
2025-08-12T13:33:49.687087,0.047,0.004,23,1,0,1
2025-08-12T13:33:50.694119,0.078,0.003,23,1,0,1
2025-08-12T13:33:51.713594,0.068,0.005,23,1,0,1
2025-08-12T13:33:52.726938,0.095,0.005,23,0,0,0
2025-08-12T13:33:53.734308,0.308,0.008,23,0,0,1
2025-08-12T13:33:54.743795,0.322,0.005,24,0,0,1
2025-08-12T13:33:55.750775,0.274,0.005,24,0,0,1
2025-08-12T13:33:56.789365,0.290,0.014,25,0,0,1
2025-08-12T13:33:57.812338,0.332,0.004,25,0,0,1
2025-08-12T13:33:58.817059,0.315,0.012,26,0,0,1
2025-08-12T13:33:59.836072,0.340,0.009,26,0,0,1
2025-08-12T13:34:00.839489,0.324,0.049,26,0,0,1
2025-08-12T13:34:01.843140,0.269,0.017,27,1,0,1
2025-08-12T13:34:02.883390,0.331,0.002,27,0,0,1
2025-08-12T13:34:03.909281,0.210,0.007,28,0,0,1
2025-08-12T13:34:04.951823,0.322,0.013,29,0,0,1
2025-08-12T13:34:05.960838,0.333,0.016,29,0,0,1
2025-08-12T13:34:06.994799,0.295,0.032,29,0,0,1
2025-08-12T13:34:08.026068,0.314,0.003,29,0,0,1
2025-08-12T13:34:09.044345,0.333,0.004,29,0,0,0
2025-08-12T13:34:10.076126,0.305,0.003,29,0,0,1
2025-08-12T13:34:11.090920,0.339,0.004,29,0,0,1
2025-08-12T13:34:12.088588,0.309,0.027,29,0,0,1
2025-08-12T13:34:13.111461,0.248,0.014,29,0,0,1
2025-08-12T13:34:14.113575,0.198,0.007,29,0,0,0
2025-08-12T13:34:15.140744,0.321,0.016,29,0,0,1
2025-08-12T13:34:16.148602,0.336,0.025,29,0,0,0
2025-08-12T13:34:17.185716,0.331,0.039,29,0,0,0
2025-08-12T13:34:18.192633,0.328,0.034,29,0,0,0
2025-08-12T13:34:19.222454,0.203,0.030,29,1,0,1
2025-08-12T13:34:20.231802,0.325,0.033,29,0,0,1
2025-08-12T13:34:21.246863,0.323,0.021,29,0,0,0
2025-08-12T13:34:22.277537,0.245,0.016,29,0,0,1
2025-08-12T13:34:23.301344,0.324,0.007,29,0,0,1
2025-08-12T13:34:24.313302,0.325,0.007,29,0,0,1
2025-08-12T13:34:25.331722,0.336,0.029,29,0,0,1
2025-08-12T13:34:26.373037,0.330,0.004,29,0,0,0
2025-08-12T13:34:27.376645,0.257,0.008,29,0,0,1
2025-08-12T13:34:28.409411,0.314,0.002,29,0,0,1
2025-08-12T13:34:29.424368,0.308,0.001,29,0,0,0
