timestamp,avg_ear,mar,blink_count,drowsy,yawn,head_tilt_deg,liveness_ok
2025-08-12T11:48:38.665907,0.253,0.098,0,0,0,1.93,0
2025-08-12T11:48:39.674290,0.330,0.095,0,0,0,0.54,1
2025-08-12T11:48:40.697707,0.318,0.007,0,0,0,3.80,1
2025-08-12T11:48:41.704375,0.313,0.012,0,0,0,4.72,0
2025-08-12T11:48:42.711420,0.306,0.008,0,0,0,4.05,0
2025-08-12T11:48:43.739807,0.241,0.003,0,0,0,19.90,1
2025-08-12T11:48:44.800140,0.303,0.002,0,0,0,18.07,1
2025-08-12T11:48:45.856518,0.316,0.007,0,0,0,5.66,0
2025-08-12T11:48:46.861294,0.165,0.005,1,0,0,5.48,1
2025-08-12T11:48:47.887712,0.301,0.017,1,0,0,26.51,1
2025-08-12T11:48:48.924290,0.256,0.003,1,0,0,38.04,1
2025-08-12T11:48:49.929189,0.185,0.007,1,0,0,5.56,1
2025-08-12T11:48:50.934826,0.346,0.110,1,0,0,2.37,1
2025-08-12T11:48:51.948798,0.332,0.007,1,0,0,6.93,0
2025-08-12T11:48:52.963082,0.305,0.008,1,0,0,1.98,0
2025-08-12T11:48:54.007385,0.317,0.003,1,0,0,4.12,1
2025-08-12T11:48:55.017076,0.244,0.009,1,0,0,0.93,0
2025-08-12T11:48:56.030786,0.188,0.007,3,0,0,2.66,1
2025-08-12T11:48:57.032618,0.316,0.356,3,0,0,0.18,1
2025-08-12T11:48:58.034026,0.251,0.268,3,0,0,10.27,1
2025-08-12T11:48:59.079199,0.212,0.018,4,0,0,1.36,1
2025-08-12T11:49:00.100853,0.327,0.012,4,0,0,1.25,1
2025-08-12T11:49:01.102238,0.306,0.006,4,0,0,1.09,1
2025-08-12T11:49:02.109380,0.308,0.008,4,0,0,1.29,1
2025-08-12T11:49:03.114856,0.338,0.006,4,0,0,5.66,1
2025-08-12T11:49:04.136569,0.325,0.009,4,0,0,6.27,0
2025-08-12T11:49:05.156590,0.322,0.015,4,0,0,6.95,0
2025-08-12T11:49:06.168679,0.086,0.010,4,0,0,6.57,0
2025-08-12T11:49:07.177534,0.253,0.006,4,0,0,6.35,0
2025-08-12T11:49:08.199402,0.262,0.070,4,0,0,4.02,1
2025-08-12T11:49:09.238391,0.283,0.853,4,0,0,4.21,1
2025-08-12T11:49:10.246300,0.289,0.428,4,0,0,3.81,1
2025-08-12T11:49:11.256515,0.266,0.426,4,0,0,2.73,1
2025-08-12T11:49:12.263770,0.240,0.867,4,0,0,2.78,1
2025-08-12T11:49:13.283468,0.267,0.341,4,0,0,3.61,1
2025-08-12T11:49:14.323907,0.267,0.123,4,0,0,10.68,1
2025-08-12T11:49:15.331989,0.185,0.076,4,0,0,2.10,1
2025-08-12T11:49:16.348112,0.254,0.448,4,0,0,7.40,1
2025-08-12T11:49:17.363944,0.306,0.002,4,0,0,1.59,0
2025-08-12T11:49:18.410680,0.315,0.003,4,0,0,8.97,0
2025-08-12T11:49:19.437943,0.321,0.002,4,0,0,7.18,0
2025-08-12T11:49:20.469831,0.314,0.002,6,0,0,1.69,1
2025-08-12T11:49:21.482214,0.261,0.020,7,0,0,0.51,1
2025-08-12T11:49:22.500293,0.316,0.019,7,0,0,3.40,1
2025-08-12T11:49:23.541788,0.327,0.041,8,0,0,6.04,1
2025-08-12T11:49:24.549972,0.346,0.031,8,0,0,4.97,1
2025-08-12T11:49:25.556774,0.354,0.012,8,0,0,3.18,1
2025-08-12T11:49:26.586670,0.334,0.003,8,0,0,1.92,1
2025-08-12T11:49:27.614753,0.330,0.006,8,0,0,1.89,1
2025-08-12T11:49:28.627162,0.347,0.005,8,0,0,0.91,0
2025-08-12T11:49:29.636651,0.326,0.006,8,0,0,0.71,1
2025-08-12T11:49:30.645678,0.332,0.008,8,0,0,0.27,0
2025-08-12T11:49:31.650840,0.340,0.029,8,0,0,0.15,0
2025-08-12T11:49:32.653721,0.285,0.029,8,0,0,0.92,1
2025-08-12T11:49:33.666589,0.331,0.043,8,0,0,4.88,1
2025-08-12T11:49:34.711313,0.310,0.020,8,0,0,3.29,1
2025-08-12T11:49:35.716341,0.227,0.012,9,0,0,3.81,1
2025-08-12T11:49:36.731398,0.321,0.018,9,0,0,4.42,1
2025-08-12T11:49:37.733482,0.321,0.072,9,0,0,4.79,1
2025-08-12T11:49:38.734345,0.340,0.004,9,0,0,4.88,1
2025-08-12T11:49:39.733544,0.343,0.003,9,0,0,10.47,0
2025-08-12T11:49:40.746611,0.292,0.006,10,0,0,22.94,1
2025-08-12T11:49:41.798980,0.489,0.013,10,0,0,31.15,1
2025-08-12T11:49:42.815484,0.624,0.014,10,0,0,44.66,1
2025-08-12T11:49:43.861898,0.357,0.013,11,0,0,28.92,1
2025-08-12T11:49:44.870510,0.268,0.008,11,0,0,8.54,1
2025-08-12T11:49:45.881173,0.338,0.007,11,0,0,15.14,1
2025-08-12T11:49:46.883356,0.339,0.005,11,0,0,1.83,0
2025-08-12T11:49:47.891132,0.264,0.003,11,0,0,9.37,1
2025-08-12T12:30:26.563796,0.269,0.005,0,0,0,0.48,0
2025-08-12T12:30:27.566248,0.316,0.011,0,0,0,0.64,0
2025-08-12T12:30:28.568364,0.317,0.008,0,0,0,0.76,0
2025-08-12T12:30:29.628837,0.308,0.057,1,0,0,7.95,1
2025-08-12T12:30:30.631320,0.295,0.047,1,0,0,4.22,1
2025-08-12T12:30:31.633857,0.318,0.055,1,0,0,4.21,1
2025-08-12T12:30:32.636152,0.316,0.071,1,0,0,3.80,1
2025-08-12T12:30:33.647495,0.331,0.006,1,0,0,5.51,0
2025-08-12T12:30:34.649425,0.319,0.006,1,0,0,5.09,0
2025-08-12T12:30:35.663284,0.325,0.007,1,0,0,4.97,0
2025-08-12T12:30:36.691197,0.324,0.005,1,0,0,4.66,0
2025-08-12T12:30:37.705191,0.278,0.006,1,0,0,4.47,0
2025-08-12T12:30:38.720320,0.312,0.004,1,0,0,4.49,0
2025-08-12T12:30:39.793006,0.301,0.006,1,0,0,4.63,0
2025-08-12T12:30:40.799114,0.334,0.008,1,0,0,10.76,0
2025-08-12T12:30:41.805473,0.116,0.016,1,1,0,9.96,0
2025-08-12T12:30:42.814251,0.080,0.014,1,1,0,8.44,0
2025-08-12T12:30:43.849147,0.158,0.006,1,1,0,6.90,1
2025-08-12T12:30:44.859124,0.229,0.006,2,0,0,7.40,1
2025-08-12T12:30:45.863693,0.328,0.007,2,0,0,6.98,1
2025-08-12T12:30:46.875833,0.319,0.010,3,0,0,6.85,1
2025-08-12T12:30:47.929764,0.339,0.008,3,0,0,7.15,1
2025-08-12T12:30:48.938892,0.338,0.005,3,0,0,6.83,1
2025-08-12T12:30:49.941234,0.340,0.007,3,0,0,7.05,1
2025-08-12T12:30:50.951583,0.317,0.009,3,0,0,6.45,0
2025-08-12T12:30:51.959149,0.303,0.007,3,0,0,6.67,0
2025-08-12T12:30:52.972688,0.176,0.008,5,0,0,7.40,1
2025-08-12T12:30:54.011893,0.279,0.003,5,0,0,6.75,1
2025-08-12T12:30:55.020764,0.225,0.007,6,0,0,6.17,1
2025-08-12T12:30:56.029004,0.237,0.012,7,0,0,15.34,1
2025-08-12T12:30:57.038902,0.318,0.006,7,0,0,17.93,1
2025-08-12T12:30:58.047557,0.318,0.005,7,0,0,4.02,1
2025-08-12T12:30:59.099676,0.279,0.004,7,0,0,3.39,1
2025-08-12T12:31:00.106348,0.279,0.005,7,0,0,4.55,1
2025-08-12T12:31:01.115820,0.273,0.004,7,0,0,4.41,0
2025-08-12T12:31:02.121070,0.272,0.004,7,0,0,1.90,1
2025-08-12T12:31:03.131271,0.323,0.009,7,0,0,1.66,0
2025-08-12T12:31:04.173455,0.289,0.005,7,0,0,27.78,1
2025-08-12T12:31:05.179666,0.259,0.026,7,0,0,7.85,1
2025-08-12T12:31:06.188424,0.267,0.021,7,0,0,11.27,1
2025-08-12T12:31:07.198145,0.264,0.043,7,0,0,5.63,1
2025-08-12T12:31:08.261141,0.296,0.013,7,0,0,7.11,1
2025-08-12T12:31:09.270526,0.175,0.033,7,0,0,6.68,1
2025-08-12T12:31:10.308399,0.201,0.008,8,0,0,14.83,1
2025-08-12T12:31:11.324896,0.313,0.035,8,0,0,0.33,1
2025-08-12T12:31:12.332209,0.329,0.004,8,0,0,3.22,1
2025-08-12T12:31:13.347337,0.329,0.004,8,0,0,2.37,1
2025-08-12T12:31:14.481144,0.324,0.006,8,0,0,2.45,0
2025-08-12T12:31:15.486716,0.326,0.004,8,0,0,6.32,0
2025-08-12T12:31:16.496125,0.341,0.011,8,0,0,20.95,0
2025-08-12T12:31:17.497297,0.349,0.027,8,0,0,21.19,0
